zip,county,area_codes,latitude,longitude,estimated_population
98001,King County,253,47.3,-122.26,34360
98002,King County,253,47.31,-122.22,32020
98003,King County,253,47.3,-122.31,42030
98004,King County,"206, 425",47.61,-122.21,33830
98005,King County,425,47.62,-122.16,18630
98006,King County,"206, 425",47.55,-122.14,38940
98007,King County,425,47.62,-122.14,23300
98008,King County,425,47.6,-122.11,24160
98009,King County,425,47.61,-122.2,1399
98010,King County,"253, 360, 425, 564",47.32,-121.99,8300
98011,King County,425,47.74,-122.2,24590
98012,Snohomish County,425,47.84,-122.19,69230
98013,King County,206,47.38,-122.45,380
98014,King County,"360, 425, 564",47.64,-121.89,7250
98015,King County,425,47.61,-122.2,886
98019,King County,"360, 425, 564",47.73,-121.93,12540
98020,Snohomish County,"206, 425",47.8,-122.37,19160
98021,Snohomish County,425,47.79,-122.2,33470
98022,King County,"253, 360, 425, 509, 564",47.1,-121.6,21780
98023,King County,253,47.3,-122.37,45000
98024,King County,425,47.58,-121.88,5030
98025,King County,425,47.43,-121.95,644
98026,Snohomish County,"206, 425",47.84,-122.33,34890
98027,King County,425,47.5,-122,27700
98028,King County,"206, 425",47.75,-122.24,22000
98029,King County,425,47.55,-122,29060
98030,King County,253,47.36,-122.19,33200
98031,King County,"253, 425",47.4,-122.19,38600
98032,King County,"206, 253, 425",47.39,-122.26,32410
98033,King County,"206, 425",47.67,-122.18,38420
98034,King County,"206, 425",47.72,-122.2,46730
98035,King County,253,47.38,-122.19,884
98036,Snohomish County,425,47.8,-122.28,36950
98037,Snohomish County,425,47.84,-122.29,26150
98038,King County,"253, 360, 425, 564",47.4,-121.99,36180
98039,King County,"206, 425",47.62,-122.23,3100
98040,King County,"206, 425",47.56,-122.22,24930
98041,King County,425,47.75,-122.21,1101
98042,King County,"253, 360, 425, 564",47.36,-122.1,47000
98043,Snohomish County,"206, 425",47.79,-122.3,18780
98045,King County,"360, 425, 509, 564",47.39,-121.61,16050
98046,Snohomish County,425,47.83,-122.3,1459
98047,King County,253,47.26,-122.25,6370
98050,King County,425,47.55,-121.94,597
98051,King County,"360, 425, 564",47.34,-121.92,3830
98052,King County,425,47.68,-122.12,70180
98053,King County,425,47.66,-122.01,21740
98054,King County,206,47.34,-122.32,161
98055,King County,"253, 425",47.46,-122.21,20500
98056,King County,"206, 425",47.51,-122.18,31110
98057,King County,"206, 425",47.47,-122.22,10610
98058,King County,"253, 425",47.43,-122.11,39730
98059,King County,425,47.49,-122.1,38830
98061,Kitsap County,206,47.65,-122.55,322
98062,King County,206,47.46,-122.36,482
98063,King County,253,47.3,-122.31,1064
98064,King County,253,47.39,-122.23,1064
98065,King County,"360, 425, 564",47.53,-121.8,15770
98068,Kittitas County,"360, 425, 509, 564",47.42,-121.37,236
98070,King County,206,47.42,-122.45,9900
98071,King County,253,47.25,-122.11,1338
98072,King County,"360, 425, 564",47.75,-122.09,24910
98073,King County,425,47.67,-122.11,1169
98074,King County,425,47.62,-122.02,30710
98075,King County,425,47.58,-122.03,25950
98077,King County,"360, 425, 564",47.75,-122.04,13010
98082,,425,47.85,-122.22,1402
98083,King County,425,47.68,-122.19,1060
98087,Snohomish County,425,47.86,-122.27,36630
98089,King County,253,47.38,-122.23,556
98092,King County,"253, 360, 564",47.28,-122.1,46280
98093,King County,253,47.3,-122.35,1902
98101,King County,206,47.61,-122.33,12430
98102,King County,206,47.63,-122.32,19870
98103,King County,206,47.67,-122.34,44870
98104,King County,206,47.6,-122.32,10280
98105,King County,"206, 425",47.66,-122.29,25870
98106,King County,206,47.54,-122.35,22160
98107,King County,206,47.67,-122.38,24040
98108,King County,206,47.54,-122.31,21600
98109,King County,206,47.63,-122.34,27230
98110,Kitsap County,"206, 360, 564",47.64,-122.53,23790
98111,King County,206,47.61,-122.33,1613
98112,King County,"206, 425",47.63,-122.29,19450
98113,King County,206,47.61,-122.33,244
98114,King County,206,47.58,-122.31,383
98115,King County,206,47.68,-122.28,49890
98116,King County,206,47.57,-122.4,25180
98117,King County,206,47.68,-122.38,33100
98118,King County,206,47.54,-122.27,42880
98119,King County,206,47.63,-122.37,19640
98121,King County,206,47.62,-122.35,16180
98122,King County,206,47.61,-122.3,30750
98124,King County,206,47.57,-122.33,1410
98125,King County,206,47.71,-122.3,35040
98126,King County,206,47.55,-122.37,20820
98127,King County,206,47.61,-122.33,702
98129,King County,206,47.61,-122.33,0
98131,King County,206,47.46,-122.29,0
98132,King County,206,47.46,-122.29,0
98133,King County,"206, 425",47.73,-122.34,40960
98134,King County,206,47.57,-122.33,470
98136,King County,206,47.53,-122.39,15200
98138,King County,206,47.47,-122.26,627
98139,King County,206,47.61,-122.33,370
98141,King County,206,47.61,-122.33,66
98144,King County,206,47.58,-122.3,27010
98145,King County,206,47.65,-122.31,782
98146,King County,206,47.49,-122.36,24880
98148,King County,206,47.44,-122.33,9140
98151,King County,206,47.6,-122.33,0
98154,King County,206,47.61,-122.33,33
98155,King County,"206, 425",47.75,-122.29,32310
98158,King County,206,47.44,-122.31,0
98160,King County,206,47.77,-122.38,93
98161,King County,"206, 425",47.6,-122.33,0
98164,King County,206,47.61,-122.33,140
98165,King County,206,47.61,-122.33,651
98166,King County,206,47.44,-122.35,19530
98168,King County,206,47.48,-122.29,32080
98170,King County,206,47.61,-122.33,0
98171,King County,206,47.6,-122.33,0
98174,King County,206,47.6,-122.34,0
98175,King County,206,47.61,-122.33,395
98177,King County,206,47.73,-122.37,19620
98178,King County,"206, 425",47.49,-122.25,23090
98181,King County,206,47.61,-122.33,0
98184,King County,206,47.6,-122.33,0
98185,King County,206,47.66,-122.29,0
98188,King County,"206, 253, 425",47.44,-122.28,23310
98189,,206,47.42,-122.25,0
98190,King County,206,47.5,-122.29,0
98191,King County,206,47.61,-122.33,0
98194,King County,206,47.61,-122.33,299
98195,King County,206,47.65,-122.31,192
98198,King County,"206, 253",47.38,-122.31,33650
98199,King County,206,47.65,-122.4,20390
98201,Snohomish County,"360, 425, 564",47.98,-122.2,23580
98203,Snohomish County,425,47.94,-122.24,31690
98204,Snohomish County,425,47.89,-122.25,35900
98205,Snohomish County,425,47.99,-122.15,14630
98206,Snohomish County,425,47.92,-122.22,1935
98207,Snohomish County,425,47.99,-122.22,99
98208,Snohomish County,"360, 425, 564",47.9,-122.18,53340
98213,Snohomish County,425,47.97,-122.2,1020
98220,Whatcom County,"360, 564",48.7,-122.19,580
98221,Skagit County,"360, 564",48.46,-122.6,21600
98222,San Juan County,"360, 564",48.56,-122.8,20
98223,Snohomish County,"360, 564",48.18,-121.67,41770
98224,King County,"360, 425, 564",47.73,-121.49,163
98225,Whatcom County,"360, 564",48.73,-122.48,32910
98226,Whatcom County,"360, 564",48.79,-122.41,40650
98227,Whatcom County,360,48.8,-122.4,2107
98228,Whatcom County,360,48.74,-122.46,1966
98229,Whatcom County,"360, 564",48.68,-122.41,28550
98230,Whatcom County,"236, 360, 564, 604, 672, 778",48.93,-122.72,17070
98231,Whatcom County,360,48.99,-122.74,1547
98232,Skagit County,"360, 564",48.56,-122.44,3830
98233,Skagit County,"360, 564",48.53,-122.31,14870
98235,Skagit County,"360, 564",48.46,-122.23,616
98236,Island County,"360, 564",47.95,-122.41,5370
98237,Skagit County,"360, 564",48.56,-121.77,3440
98238,Skagit County,"360, 564",48.34,-122.34,358
98239,Island County,"360, 564",48.18,-122.66,6830
98240,Whatcom County,"360, 564",48.94,-122.62,2990
98241,Snohomish County,"360, 509, 564",48.19,-121.21,2030
98243,San Juan County,"360, 564",48.62,-123.01,380
98244,Whatcom County,"360, 564",48.8,-122.06,2360
98245,San Juan County,"360, 564",48.67,-122.91,3730
98247,Whatcom County,"360, 564",48.9,-122.3,8450
98248,Whatcom County,"360, 564",48.86,-122.63,25290
98249,Island County,"360, 564",48.01,-122.54,5090
98250,San Juan County,"360, 564",48.53,-123.06,7830
98251,Snohomish County,"360, 564",47.86,-121.66,4350
98252,Snohomish County,"360, 564",48.05,-121.74,10120
98253,Island County,"360, 564",48.09,-122.57,1690
98255,Skagit County,"360, 564",48.52,-121.99,234
98256,Snohomish County,"360, 564",47.84,-121.43,266
98257,Skagit County,"360, 564",48.41,-122.53,3890
98258,Snohomish County,"360, 425, 564",48.04,-122.05,51370
98259,Snohomish County,"360, 564",48.16,-122.3,269
98260,Island County,"360, 564",48.04,-122.44,5380
98261,San Juan County,"360, 564",48.49,-122.87,2460
98262,Whatcom County,"360, 564",48.69,-122.66,870
98263,Skagit County,"360, 564",48.52,-122.07,415
98264,Whatcom County,"236, 360, 564, 604, 672, 778",48.95,-122.43,22420
98266,Whatcom County,"236, 360, 564, 604, 672, 778",48.96,-122.12,3660
98267,Skagit County,"360, 564",48.44,-121.27,380
98270,Snohomish County,"360, 425, 564",48.05,-122.14,49090
98271,Snohomish County,"360, 425, 564",48.09,-122.24,27910
98272,Snohomish County,"360, 425, 564",47.87,-121.88,27470
98273,Skagit County,"360, 564",48.42,-122.42,28180
98274,Skagit County,"360, 564",48.36,-121.98,16940
98275,Snohomish County,425,47.91,-122.3,20320
98276,Whatcom County,"360, 564",48.93,-122.32,1540
98277,Island County,"360, 564",48.32,-122.63,36750
98278,Island County,"360, 564",48.34,-122.67,996
98279,San Juan County,"360, 564",48.63,-122.8,540
98280,San Juan County,"360, 564",48.61,-122.88,386
98281,Whatcom County,"236, 250, 360, 564, 604, 672, 778",48.98,-123.05,1200
98282,Island County,"360, 564",48.16,-122.49,15780
98283,Skagit County,"236, 360, 509, 564, 604, 672, 778",48.8,-121.26,310
98284,Skagit County,"360, 564",48.59,-122.13,23680
98286,San Juan County,"360, 564",48.57,-122.96,222
98287,Snohomish County,"360, 564",48.19,-122.25,441
98288,King County,"360, 425, 509, 564",47.64,-121.33,307
98290,Snohomish County,"360, 425, 564",47.94,-122,34700
98291,Snohomish County,360,47.92,-122.09,1923
98292,Snohomish County,"360, 564",48.21,-122.28,23630
98293,Snohomish County,"360, 564",47.86,-121.74,394
98294,Snohomish County,"360, 425, 564",47.85,-121.74,8390
98295,Whatcom County,"236, 360, 564, 604, 672, 778",48.94,-122.23,2740
98296,Snohomish County,"360, 425, 564",47.85,-122.09,26670
98297,San Juan County,"360, 564",48.69,-123.03,65
98303,Pierce County,"253, 360, 564",47.15,-122.7,1140
98304,Pierce County,"360, 509, 564",46.88,-121.74,580
98305,Clallam County,"360, 564",48.06,-124.44,360
98310,Kitsap County,"206, 360, 564",47.59,-122.62,17180
98311,Kitsap County,"360, 564",47.63,-122.63,24560
98312,Kitsap County,"360, 564",47.57,-122.75,29340
98314,Kitsap County,"360, 564",47.56,-122.64,34
98315,Kitsap County,"360, 564",47.72,-122.71,3660
98320,Jefferson County,"360, 564",47.69,-122.99,1140
98321,Pierce County,"253, 360, 564",47.13,-122.04,16940
98322,Kitsap County,"360, 564",47.41,-122.63,950
98323,Pierce County,"360, 564",47.01,-121.98,770
98324,Clallam County,360,48.1,-123.17,790
98325,Jefferson County,"360, 564",47.97,-122.78,1950
98326,Clallam County,"360, 564",48.17,-124.53,430
98327,Pierce County,"253, 360, 564",47.09,-122.64,9310
98328,Pierce County,"253, 360, 564",46.86,-122.25,9840
98329,Pierce County,"253, 360, 564",47.37,-122.71,8760
98330,Pierce County,"360, 564",46.76,-122.16,240
98331,Clallam County,"360, 564",47.79,-124.26,4410
98332,Pierce County,"253, 360, 564",47.36,-122.6,18420
98333,Pierce County,253,47.24,-122.63,4000
98335,Pierce County,253,47.29,-122.62,27340
98336,Lewis County,"360, 564",46.53,-122.14,840
98337,Kitsap County,"360, 564",47.57,-122.63,5290
98338,Pierce County,"253, 360, 564",47.01,-122.29,27440
98339,Jefferson County,"360, 564",48,-122.74,3300
98340,Kitsap County,"360, 564",47.91,-122.57,2540
98342,Kitsap County,"360, 564",47.75,-122.53,1450
98343,Clallam County,360,48.13,-123.73,233
98344,Pierce County,"360, 564",46.98,-122.22,544
98345,Kitsap County,"360, 564",47.7,-122.62,1112
98346,Kitsap County,"360, 564",47.81,-122.53,9580
98348,Thurston County,"360, 564",46.82,-122.27,0
98349,Pierce County,"253, 360, 564",47.28,-122.77,4380
98350,Clallam County,"360, 564",47.91,-124.62,296
98351,Pierce County,"253, 360, 564",47.2,-122.76,930
98352,Pierce County,253,47.16,-122.24,0
98353,Kitsap County,"360, 564",47.54,-122.49,1031
98354,Pierce County,253,47.25,-122.31,7700
98355,Lewis County,"360, 564",46.71,-122.11,440
98356,Lewis County,"360, 564",46.57,-122.33,2110
98357,Clallam County,"360, 564",48.33,-124.63,1102
98358,Jefferson County,"360, 564",48.06,-122.71,900
98359,Kitsap County,"253, 360, 564",47.43,-122.57,4940
98360,Pierce County,"253, 360, 564",47.04,-122.14,14350
98361,Lewis County,"360, 509, 564",46.56,-121.55,830
98362,Clallam County,"360, 564",47.99,-123.25,20310
98363,Clallam County,"360, 564",48.02,-123.82,11230
98364,Kitsap County,"360, 564",47.85,-122.59,237
98365,Jefferson County,"360, 564",47.89,-122.7,4860
98366,Kitsap County,"206, 360, 564",47.54,-122.58,31690
98367,Kitsap County,"253, 360, 564",47.46,-122.65,28410
98368,Jefferson County,"360, 564",48.03,-122.84,14450
98370,Kitsap County,"206, 360, 564",47.75,-122.61,29690
98371,Pierce County,253,47.19,-122.33,23470
98372,Pierce County,253,47.22,-122.27,22890
98373,Pierce County,253,47.14,-122.32,25690
98374,Pierce County,"253, 360, 564",47.12,-122.25,44940
98375,Pierce County,253,47.1,-122.32,30520
98376,Jefferson County,"360, 564",47.82,-122.84,1800
98377,Lewis County,"360, 564",46.47,-121.82,1410
98378,Kitsap County,"360, 564",47.54,-122.61,27
98380,Kitsap County,"360, 564",47.58,-122.9,5210
98381,Clallam County,"360, 564",48.29,-124.4,230
98382,Clallam County,"360, 564",48.06,-123.06,27190
98383,Kitsap County,"360, 564",47.67,-122.72,20870
98384,Kitsap County,"360, 564",47.52,-122.53,1032
98385,Pierce County,"360, 564",47.14,-122.09,1156
98386,Kitsap County,"360, 564",47.51,-122.49,467
98387,Pierce County,253,47.05,-122.36,47590
98388,Pierce County,253,47.21,-122.68,6280
98390,Pierce County,253,47.21,-122.23,11230
98391,Pierce County,"253, 360, 564",47.18,-122.16,57490
98392,Kitsap County,"206, 360, 564",47.72,-122.56,2660
98393,Kitsap County,360,47.62,-122.65,1117
98394,Pierce County,"253, 360, 564",47.31,-122.77,1770
98395,Pierce County,253,47.36,-122.69,1422
98396,Pierce County,"360, 564",47.1,-122.03,759
98397,Pierce County,"360, 564",46.75,-121.81,0
98398,Lewis County,"360, 564",46.77,-121.74,0
98401,Pierce County,253,47.25,-122.44,1160
98402,Pierce County,253,47.26,-122.44,4590
98403,Pierce County,253,47.27,-122.46,6450
98404,Pierce County,253,47.2,-122.4,29690
98405,Pierce County,253,47.24,-122.47,18080
98406,Pierce County,253,47.26,-122.51,18770
98407,Pierce County,253,47.29,-122.5,19910
98408,Pierce County,253,47.19,-122.44,17110
98409,Pierce County,253,47.21,-122.47,21290
98411,Pierce County,253,47.22,-122.47,1330
98412,Pierce County,253,47.17,-122.44,198
98413,Pierce County,253,47.2,-122.48,0
98415,Pierce County,253,47.25,-122.45,197
98416,Pierce County,253,47.26,-122.48,68
98417,Pierce County,253,47.24,-122.43,554
98418,Pierce County,253,47.22,-122.44,8040
98419,Pierce County,253,47.19,-122.43,35
98421,Pierce County,253,47.26,-122.39,170
98422,Pierce County,253,47.28,-122.38,19580
98424,Pierce County,253,47.23,-122.36,10420
98430,Pierce County,253,47.12,-122.57,0
98431,Pierce County,253,47.05,-122.55,151
98433,Pierce County,"253, 360, 564",47.11,-122.59,13900
98438,Pierce County,253,47.14,-122.49,480
98439,Pierce County,253,47.12,-122.5,4240
98442,Pierce County,253,47.14,-122.43,0
98443,Pierce County,253,47.2,-122.37,5030
98444,Pierce County,253,47.15,-122.44,29000
98445,Pierce County,253,47.13,-122.4,29240
98446,Pierce County,253,47.13,-122.37,11330
98447,Pierce County,253,47.15,-122.44,67
98448,Pierce County,253,47.25,-122.44,16
98450,Pierce County,253,47.25,-122.44,0
98455,Pierce County,253,47.25,-122.44,32
98460,Pierce County,253,47.25,-122.44,0
98464,Pierce County,253,47.22,-122.53,918
98465,Pierce County,253,47.25,-122.54,6030
98466,Pierce County,253,47.22,-122.54,25570
98467,Pierce County,253,47.2,-122.54,14330
98471,Pierce County,253,47.25,-122.47,0
98477,Pierce County,253,47.25,-122.44,0
98481,Pierce County,253,47.22,-122.47,0
98490,Pierce County,253,47.2,-122.48,90
98492,Pierce County,253,47.12,-122.55,0
98493,Pierce County,253,47.05,-122.55,0
98496,Pierce County,253,47.17,-122.51,66
98497,Pierce County,253,47.18,-122.54,159
98498,Pierce County,253,47.15,-122.56,24870
98499,Pierce County,253,47.16,-122.5,25220
98501,Thurston County,"360, 564",46.97,-122.87,41020
98502,Thurston County,"360, 564",47.1,-123.06,29050
98503,Thurston County,"360, 564",47.02,-122.79,34750
98504,Thurston County,360,47.02,-122.87,75
98505,Thurston County,"360, 564",47.07,-122.97,96
98506,Thurston County,"360, 564",47.1,-122.86,16410
98507,Thurston County,360,47.03,-122.87,2975
98508,Thurston County,360,47.03,-122.94,1495
98509,Thurston County,360,47.03,-122.8,1899
98511,Thurston County,360,46.95,-123.03,892
98512,Thurston County,"360, 564",46.94,-123.04,26770
98513,Thurston County,"253, 360, 564",46.98,-122.74,32420
98516,Thurston County,"253, 360, 564",47.11,-122.76,28460
98520,Grays Harbor County,"360, 564",46.88,-123.99,17150
98522,Lewis County,360,46.57,-123.29,312
98524,Mason County,"253, 360, 564",47.37,-122.84,3690
98526,Grays Harbor County,"360, 564",47.47,-123.92,270
98527,Pacific County,"360, 564",46.59,-123.92,217
98528,Mason County,"253, 360, 564",47.43,-122.92,10240
98530,Thurston County,"360, 564",46.81,-122.88,453
98531,Lewis County,"360, 564",46.74,-122.95,22430
98532,Lewis County,"360, 564",46.62,-123,22800
98533,Lewis County,"360, 564",46.59,-122.51,580
98535,Grays Harbor County,"360, 564",47.09,-124.13,390
98536,Grays Harbor County,"360, 564",47.16,-124.12,141
98537,Grays Harbor County,"360, 564",46.85,-123.62,2120
98538,Lewis County,"360, 564",46.47,-123.08,400
98539,Lewis County,"360, 564",46.64,-123.27,221
98540,Thurston County,360,46.96,-122.82,691
98541,Grays Harbor County,"360, 564",47.1,-123.39,8860
98542,Lewis County,"360, 564",46.53,-122.79,530
98544,Lewis County,"360, 564",46.74,-123.03,260
98546,Mason County,"253, 360, 564",47.32,-122.94,2600
98547,Grays Harbor County,"360, 564",46.79,-124.08,940
98548,Mason County,"360, 564",47.42,-123.18,1900
98550,Grays Harbor County,"360, 564",47.11,-123.96,8830
98552,Grays Harbor County,"360, 564",47.32,-123.91,260
98554,Pacific County,360,46.55,-123.54,155
98555,Mason County,"360, 564",47.52,-123.06,530
98556,Thurston County,"360, 564",46.89,-123.14,496
98557,Grays Harbor County,"360, 564",47.03,-123.27,3360
98558,Pierce County,"253, 360, 564",46.94,-122.56,1627
98559,Grays Harbor County,"360, 564",46.96,-123.33,101
98560,Mason County,"360, 564",47.3,-123.43,240
98561,Pacific County,360,46.62,-123.64,196
98562,Grays Harbor County,"360, 564",47.24,-124.2,179
98563,Grays Harbor County,"360, 564",47.17,-123.6,7400
98564,Lewis County,"360, 564",46.48,-122.44,2310
98565,Lewis County,"360, 564",46.58,-122.91,1635
98566,Grays Harbor County,"360, 564",47.41,-123.97,144
98568,Grays Harbor County,"360, 564",46.83,-123.28,2220
98569,Grays Harbor County,"360, 564",46.97,-124.14,6660
98570,Lewis County,"360, 564",46.6,-122.67,4120
98571,Grays Harbor County,"360, 564",47.21,-124.19,300
98572,Lewis County,"360, 564",46.55,-123.31,810
98575,Grays Harbor County,"360, 564",47.44,-123.77,185
98576,Thurston County,"360, 564",46.87,-122.66,5240
98577,Pacific County,"360, 564",46.64,-123.63,5300
98579,Thurston County,"360, 564",46.8,-123.14,12110
98580,Pierce County,"253, 360, 564",46.98,-122.47,10010
98581,Cowlitz County,"360, 564",46.36,-123.07,290
98582,Lewis County,"360, 564",46.51,-122.63,740
98583,Grays Harbor County,"360, 564",47,-123.49,347
98584,Mason County,"253, 360, 564",47.23,-123.2,32680
98585,Lewis County,"360, 564",46.55,-122.46,700
98586,Pacific County,"360, 564",46.56,-123.88,1840
98587,Grays Harbor County,"360, 564",47.31,-124.22,793
98588,Mason County,"360, 564",47.44,-123.02,1660
98589,Thurston County,"360, 564",46.84,-122.85,7360
98590,Pacific County,"360, 564",46.71,-124,330
98591,Lewis County,"360, 564",46.45,-122.76,4270
98592,Mason County,"360, 564",47.33,-123.06,2080
98593,Lewis County,"360, 564",46.41,-122.99,1040
98595,Grays Harbor County,"360, 564",46.87,-124.11,2430
98596,Lewis County,"360, 564",46.48,-122.87,6490
98597,Thurston County,"253, 360, 564",46.87,-122.57,24610
98599,Thurston County,360,46.99,-122.87,0
98601,Clark County,"360, 564",45.93,-122.44,3510
98602,Klickitat County,509,45.85,-121.28,220
98603,Cowlitz County,"360, 564",46.01,-122.47,910
98604,Clark County,"360, 564",45.8,-122.48,37830
98605,Klickitat County,"360, 458, 509, 541, 564",45.77,-121.66,1250
98606,Clark County,"360, 564",45.73,-122.45,10600
98607,Clark County,"360, 503, 564, 971",45.64,-122.37,35350
98609,Cowlitz County,"360, 564",46.07,-122.87,133
98610,Skamania County,"360, 509, 564",45.79,-121.89,2690
98611,Cowlitz County,"360, 564",46.29,-122.95,9930
98612,Wahkiakum County,"360, 503, 564, 971",46.22,-123.31,2730
98613,Klickitat County,509,45.74,-120.93,430
98614,Pacific County,"360, 503, 564, 971",46.28,-123.91,478
98616,Cowlitz County,"360, 564",46.08,-122.18,270
98617,Klickitat County,"458, 509, 541",45.66,-121.13,937
98619,Klickitat County,509,45.98,-121.27,380
98620,Klickitat County,"458, 509, 541",45.84,-120.76,6500
98621,Wahkiakum County,"360, 564",46.35,-123.6,170
98622,Clark County,360,45.82,-122.48,348
98623,Klickitat County,509,45.8,-121.49,403
98624,Pacific County,"360, 503, 564, 971",46.31,-123.99,1160
98625,Cowlitz County,"360, 503, 564, 971",46.01,-122.7,7350
98626,Cowlitz County,"360, 564",46.14,-122.8,22730
98628,Klickitat County,509,45.85,-121.07,330
98629,Clark County,"360, 564",45.87,-122.61,9950
98631,Pacific County,"360, 564",46.39,-124.03,3270
98632,Cowlitz County,"360, 503, 564, 971",46.19,-123.05,42490
98635,Klickitat County,"458, 509, 541",45.72,-121.16,1570
98637,Pacific County,360,46.49,-124.03,83
98638,Pacific County,"360, 503, 564, 971",46.36,-123.75,1360
98639,Skamania County,"503, 509, 971",45.64,-121.97,825
98640,Pacific County,"360, 564",46.63,-124.04,4290
98641,Pacific County,"360, 564",46.55,-124.03,167
98642,Clark County,"360, 503, 564, 971",45.79,-122.69,27130
98643,Wahkiakum County,"360, 503, 564, 971",46.29,-123.63,380
98644,Pacific County,"360, 564",46.33,-124.05,662
98645,Cowlitz County,"360, 564",46.32,-122.78,1490
98647,Wahkiakum County,"360, 503, 564, 971",46.28,-123.44,380
98648,Skamania County,"360, 458, 503, 509, 541, 564, 971",45.7,-121.72,2720
98649,Cowlitz County,"360, 564",46.31,-122.69,1200
98650,Klickitat County,"360, 509, 564",45.97,-121.53,1240
98651,Skamania County,"458, 509, 541",45.74,-121.58,820
98660,Clark County,"360, 503, 564, 971",45.72,-122.74,10590
98661,Clark County,"360, 503, 564, 971",45.64,-122.63,38900
98662,Clark County,"360, 564",45.68,-122.57,33460
98663,Clark County,"360, 564",45.65,-122.66,12710
98664,Clark County,"360, 503, 564, 971",45.62,-122.57,19640
98665,Clark County,"360, 564",45.67,-122.66,25550
98666,Clark County,360,45.71,-122.59,1090
98667,Clark County,360,45.63,-122.66,0
98668,Clark County,360,45.71,-122.62,1680
98670,Klickitat County,509,45.85,-121.14,29
98671,Clark County,"360, 503, 509, 564, 971",45.61,-122.23,22900
98672,Klickitat County,"458, 509, 541",45.82,-121.46,6460
98673,Klickitat County,"458, 509, 541",45.66,-121.03,233
98674,Cowlitz County,"360, 503, 564, 971",45.94,-122.67,13890
98675,Clark County,"360, 564",45.83,-122.38,6530
98682,Clark County,"360, 564",45.67,-122.47,62620
98683,Clark County,"360, 503, 564, 971",45.6,-122.51,28770
98684,Clark County,"360, 564",45.63,-122.52,29980
98685,Clark County,"360, 564",45.7,-122.69,27730
98686,Clark County,"360, 564",45.72,-122.61,20600
98687,Clark County,360,45.63,-122.52,1828
98801,Chelan County,509,47.37,-120.35,39390
98802,Douglas County,509,47.49,-120.19,30730
98807,Chelan County,509,47.37,-120.29,3875
98811,Chelan County,509,47.73,-120.37,81
98812,Okanogan County,509,48.15,-119.82,5230
98813,Douglas County,509,47.97,-119.59,3780
98814,Okanogan County,509,48.21,-120.16,470
98815,Chelan County,509,47.55,-120.48,7070
98816,Chelan County,"360, 509, 564",47.89,-119.99,7460
98817,Chelan County,509,47.79,-119.99,338
98819,Okanogan County,509,48.55,-119.81,197
98821,Chelan County,509,47.54,-120.55,954
98822,Chelan County,509,47.79,-120.44,2300
98823,Grant County,509,47.27,-119.59,11790
98824,Grant County,509,47.07,-119.87,439
98826,Chelan County,"360, 509, 564",47.81,-120.86,6920
98827,Okanogan County,509,48.87,-119.73,280
98828,Chelan County,509,47.32,-120.19,2420
98829,Okanogan County,509,48.3,-119.77,701
98830,Douglas County,509,47.89,-119.5,430
98831,Chelan County,509,47.97,-120.15,3710
98832,Grant County,509,47.27,-119.04,290
98833,Okanogan County,"360, 509, 564",48.59,-120.39,210
98834,Okanogan County,509,48.14,-120.05,200
98836,Chelan County,509,47.47,-120.41,1015
98837,Grant County,509,47.19,-119.3,41690
98840,Okanogan County,509,48.22,-119.45,3900
98841,Okanogan County,509,48.36,-119.27,7700
98843,Douglas County,509,47.72,-120.15,1850
98844,Okanogan County,509,48.87,-119.22,3610
98845,Douglas County,509,47.38,-119.96,111
98846,Okanogan County,509,48.01,-119.97,1130
98847,Chelan County,509,47.51,-120.62,1680
98848,Grant County,509,47.17,-119.8,14820
98849,Okanogan County,509,48.56,-119.35,950
98850,Douglas County,509,47.31,-120.08,2120
98851,Grant County,509,47.41,-119.43,3730
98852,Chelan County,"360, 509, 564",48.34,-120.7,85
98853,Grant County,509,47.44,-119.27,75
98855,Okanogan County,509,48.68,-119.3,5250
98856,Okanogan County,"360, 509, 564",48.32,-119.93,2510
98857,Grant County,509,47.01,-119.12,3670
98858,Douglas County,509,47.69,-119.88,1400
98859,Okanogan County,509,48.82,-118.95,210
98860,Grant County,509,47.46,-119.14,231
98862,Okanogan County,"360, 509, 564",48.5,-120.33,2690
98901,Yakima County,509,46.72,-120.41,26300
98902,Yakima County,509,46.59,-120.53,38830
98903,Yakima County,509,46.54,-120.76,16060
98904,Yakima County,509,46.6,-120.5,155
98907,Yakima County,509,46.59,-120.52,1827
98908,Yakima County,509,46.62,-120.69,35620
98909,Yakima County,509,46.54,-120.64,1589
98920,Yakima County,509,46.4,-120.6,226
98921,Yakima County,509,46.43,-120.32,953
98922,Kittitas County,"360, 509, 564",47.2,-120.9,6600
98923,Yakima County,509,46.67,-120.72,1340
98925,Kittitas County,"360, 425, 509, 564",47.35,-121.27,661
98926,Kittitas County,509,46.97,-120.47,25850
98929,Yakima County,509,46.88,-121.29,0
98930,Yakima County,509,46.26,-119.9,14830
98932,Yakima County,509,46.32,-120.15,5740
98933,Yakima County,509,46.4,-120.64,1270
98934,Kittitas County,509,46.98,-120.41,1163
98935,Yakima County,509,46.15,-120.09,3990
98936,Yakima County,509,46.52,-120.2,6730
98937,Yakima County,"360, 509, 564",46.78,-120.88,4050
98938,Yakima County,509,46.37,-120.09,1920
98939,Yakima County,509,46.5,-120.47,513
98940,Kittitas County,"360, 509, 564",47.25,-121.05,415
98941,Kittitas County,509,47.23,-121,1048
98942,Yakima County,509,46.76,-120.68,17420
98943,Kittitas County,509,47.18,-120.97,951
98944,Yakima County,509,46.44,-119.91,21140
98946,Kittitas County,509,47.08,-120.71,480
98947,Yakima County,509,46.71,-120.76,3150
98948,Yakima County,509,46.28,-120.25,11880
98950,Kittitas County,509,46.86,-119.99,188
98951,Yakima County,509,46.45,-120.51,12040
98952,Yakima County,509,46.36,-120.78,1400
98953,Yakima County,509,46.41,-120.23,6300
99001,Spokane County,509,47.64,-117.59,6530
99003,Spokane County,509,47.92,-117.28,5430
99004,Spokane County,509,47.43,-117.62,17820
99005,Spokane County,509,47.84,-117.35,10400
99006,Spokane County,509,47.99,-117.5,13610
99008,Lincoln County,509,47.51,-117.92,540
99009,Spokane County,509,48.01,-117.22,3670
99011,Spokane County,509,47.61,-117.65,2370
99012,Spokane County,"208, 509, 986",47.39,-117.18,900
99013,Stevens County,509,47.88,-117.84,1020
99014,Spokane County,509,47.56,-117.6,268
99016,Spokane County,509,47.63,-117.14,18830
99017,Whitman County,509,47.16,-117.84,192
99018,Spokane County,509,47.3,-117.14,240
99019,Spokane County,"208, 509, 986",47.63,-117.09,13130
99020,Spokane County,509,47.56,-117.5,172
99021,Spokane County,"208, 509, 986",47.83,-117.21,9540
99022,Spokane County,509,47.61,-117.7,7940
99023,Spokane County,"208, 509, 986",47.56,-117.17,630
99025,Spokane County,"208, 509, 986",47.77,-117.09,4950
99026,Stevens County,509,47.8,-117.62,9590
99027,Spokane County,509,47.71,-117.13,6170
99029,Lincoln County,509,47.69,-117.86,1660
99030,Spokane County,"208, 509, 986",47.48,-117.14,1070
99031,Spokane County,509,47.44,-117.35,1350
99032,Lincoln County,509,47.33,-118.04,620
99033,Whitman County,"208, 509, 986",47.24,-117.11,780
99034,Stevens County,509,47.89,-117.76,290
99036,Spokane County,509,47.53,-117.26,1810
99037,Spokane County,509,47.64,-117.2,15810
99039,Spokane County,509,47.34,-117.23,132
99040,Stevens County,509,47.89,-117.99,930
99101,Stevens County,509,48.32,-117.91,1320
99102,Whitman County,509,46.79,-117.25,538
99103,Lincoln County,509,47.72,-118.93,490
99104,Whitman County,509,47.08,-117.16,0
99105,Adams County,509,46.88,-118.15,56
99107,Ferry County,509,48.99,-118.21,38
99109,Stevens County,509,48.26,-117.76,4600
99110,Stevens County,509,48.03,-117.57,1660
99111,Whitman County,509,46.85,-117.44,3540
99113,Whitman County,509,46.56,-117.22,730
99114,Stevens County,"236, 250, 509, 672, 778",48.67,-117.75,10720
99115,Grant County,509,47.66,-119.43,1000
99116,Okanogan County,509,48.03,-118.94,1170
99117,Lincoln County,509,47.65,-118.57,420
99118,Ferry County,509,48.87,-118.63,560
99119,Pend Oreille County,"208, 236, 250, 509, 672, 778, 986",48.51,-117.37,960
99121,Ferry County,509,48.94,-118.46,133
99122,Lincoln County,509,47.67,-118.19,3950
99123,Grant County,509,47.87,-119.08,950
99124,Okanogan County,509,48,-118.95,385
99125,Whitman County,509,46.95,-117.73,430
99126,Stevens County,509,48.72,-117.96,750
99128,Whitman County,"208, 509, 986",47.11,-117.07,240
99129,Stevens County,509,48,-118.2,440
99130,Whitman County,"208, 509, 986",46.99,-117.16,780
99131,Stevens County,509,48.29,-118.09,117
99133,Grant County,509,47.99,-119,1300
99134,Lincoln County,509,47.42,-118.4,510
99135,Grant County,509,47.68,-119.12,220
99136,Whitman County,509,46.67,-117.96,21
99137,Stevens County,509,48.17,-118.12,310
99138,Ferry County,509,48.2,-118.24,980
99139,Pend Oreille County,"208, 236, 250, 509, 672, 778, 986",48.69,-117.29,1040
99140,Ferry County,509,48.1,-118.71,320
99141,Stevens County,509,48.74,-118.09,5000
99143,Whitman County,509,46.73,-117.87,540
99144,Lincoln County,509,47.35,-118.48,32
99146,Ferry County,509,48.95,-118.28,48
99147,Lincoln County,509,47.83,-118.46,210
99148,Stevens County,509,48.09,-117.58,2110
99149,Whitman County,509,47.22,-117.46,121
99150,Ferry County,509,48.81,-118.61,360
99151,Stevens County,509,48.66,-118.06,141
99152,Pend Oreille County,509,48.84,-117.4,169
99153,Pend Oreille County,"208, 236, 250, 509, 672, 778, 986",48.89,-117.21,400
99154,Lincoln County,509,47.36,-118.35,0
99155,Okanogan County,509,48.21,-119.04,1020
99156,Pend Oreille County,"208, 236, 250, 509, 672, 778, 986",48.15,-117.24,7580
99157,Stevens County,"236, 250, 509, 672, 778",48.93,-117.77,650
99158,Whitman County,509,47.12,-117.25,580
99159,Lincoln County,509,47.34,-118.66,1090
99160,Ferry County,509,48.87,-118.3,142
99161,Whitman County,"208, 509, 986",46.88,-117.15,1370
99163,Whitman County,"208, 509, 986",46.72,-117.18,18790
99164,Whitman County,509,46.73,-117.15,38
99165,Whitman County,509,46.73,-117.17,20
99166,Ferry County,509,48.59,-118.7,2480
99167,Stevens County,509,48.42,-118.11,620
99169,Adams County,509,47.07,-118.47,2270
99170,Whitman County,509,47.25,-117.38,920
99171,Whitman County,509,47.1,-117.64,900
99173,Stevens County,509,48.02,-117.85,1580
99174,Whitman County,509,47.01,-117.36,71
99176,Whitman County,509,47.09,-117.39,175
99179,Whitman County,"208, 509, 986",46.51,-117.13,460
99180,Pend Oreille County,"208, 236, 250, 509, 672, 778, 986",48.3,-117.36,1020
99181,Stevens County,509,48.14,-117.76,1770
99185,Lincoln County,509,47.72,-118.7,1220
99201,Spokane County,509,47.66,-117.43,9430
99202,Spokane County,509,47.65,-117.37,13410
99203,Spokane County,509,47.62,-117.4,19340
99204,Spokane County,509,47.65,-117.43,4970
99205,Spokane County,509,47.69,-117.45,36260
99206,Spokane County,509,47.63,-117.25,33940
99207,Spokane County,509,47.69,-117.38,24350
99208,Spokane County,509,47.78,-117.45,52480
99209,Spokane County,509,47.69,-117.44,1317
99210,Spokane County,509,47.65,-117.42,861
99211,Spokane County,509,47.66,-117.31,340
99212,Spokane County,509,47.65,-117.31,18420
99213,Spokane County,509,47.65,-117.29,363
99214,Spokane County,509,47.71,-117.2,1251
99215,Spokane County,509,47.69,-117.2,99
99216,Spokane County,509,47.69,-117.19,23720
99217,Spokane County,509,47.74,-117.25,16450
99218,Spokane County,509,47.75,-117.43,12780
99219,Spokane County,509,47.63,-117.54,314
99220,Spokane County,509,47.64,-117.41,565
99223,Spokane County,509,47.59,-117.35,30010
99224,Spokane County,509,47.63,-117.55,21960
99228,Spokane County,509,47.79,-117.38,1319
99251,Spokane County,509,47.75,-117.42,46
99252,Spokane County,509,47.65,-117.37,0
99256,Spokane County,509,47.66,-117.42,0
99258,Spokane County,509,47.67,-117.4,92
99260,Spokane County,509,47.66,-117.42,0
99299,Spokane County,509,47.65,-117.42,0
99301,Franklin County,509,46.41,-118.9,80780
99302,Franklin County,509,46.25,-119.08,2500
99320,Benton County,509,46.24,-119.49,9630
99321,Grant County,509,46.87,-119.81,1330
99322,Klickitat County,509,45.92,-120.19,210
99323,Walla Walla County,509,46.22,-118.82,3450
99324,Walla Walla County,509,46.04,-118.4,8000
99326,Franklin County,509,46.66,-118.9,3530
99328,Columbia County,"458, 509, 541",46.31,-117.9,2970
99329,Walla Walla County,509,46.14,-118.15,280
99330,Franklin County,509,46.5,-119.05,1850
99333,Whitman County,509,46.75,-118.14,53
99335,Franklin County,509,46.66,-118.56,282
99336,Benton County,509,46.21,-119.16,42870
99337,Benton County,"458, 509, 541",46.07,-119.08,31100
99338,Benton County,509,46.16,-119.25,19690
99341,Adams County,509,46.9,-118.68,690
99343,Franklin County,509,46.58,-119.15,2690
99344,Adams County,509,46.8,-119.15,18690
99345,Benton County,"458, 509, 541",45.94,-119.66,357
99346,Benton County,"458, 509, 541",46,-119.3,380
99347,Garfield County,"458, 509, 541",46.44,-117.54,1950
99348,Walla Walla County,509,46.35,-118.47,1540
99349,Grant County,509,46.72,-119.73,8300
99350,Benton County,"458, 509, 541",46.12,-119.68,12450
99352,Benton County,509,46.25,-119.29,35680
99353,Benton County,509,46.31,-119.37,18330
99354,Benton County,509,46.35,-119.32,21610
99356,Klickitat County,"458, 509, 541",45.85,-120.34,250
99357,Grant County,509,46.9,-119.66,6060
99359,Columbia County,509,46.55,-118.19,113
99360,Walla Walla County,509,46.12,-118.64,1350
99361,Walla Walla County,509,46.22,-118.15,1570
99362,Walla Walla County,"458, 509, 541",46.11,-118.3,34520
99363,Walla Walla County,"458, 509, 541",46.06,-118.89,200
99371,Adams County,509,46.82,-118.32,190
99401,Asotin County,"458, 509, 541",46.08,-117.27,230
99402,Asotin County,"208, 458, 509, 541, 986",46.19,-117.13,1540
99403,Asotin County,"208, 509, 986",46.36,-117.22,16580
